DATE,TIME,ASSET,STATE,PRODUCT
18/07/2023,06:46:42,MZK-003,CYCLE END ,C4530-40-01 Top Cover Mount
18/07/2023,06:56:48,MZK-003,CYCLE START ,C4530-40-01 Top Cover Mount
18/07/2023,07:08:25,MZK-003,CYCLE END ,C4530-40-01 Top Cover Mount
18/07/2023,07:14:38,MZK-003,CYCLE START ,C4530-40-01 Top Cover Mount
18/07/2023,07:26:14,MZK-003,CYCLE END ,C4530-40-01 Top Cover Mount
18/07/2023,07:41:13,MZK-003,CYCLE START ,C4530-40-01 Top Cover Mount
18/07/2023,07:52:53,MZK-003,CYCLE END ,C4530-40-01 Top Cover Mount
18/07/2023,07:58:45,MZK-003,CYCLE START ,C4530-40-01 Top Cover Mount
18/07/2023,08:10:24,MZK-003,CYCLE END ,C4530-40-01 Top Cover Mount
18/07/2023,08:15:46,MZK-003,CYCLE START ,C4530-40-01 Top Cover Mount
18/07/2023,08:27:23,MZK-003,CYCLE END ,C4530-40-01 Top Cover Mount
18/07/2023,08:42:37,MZK-003,CYCLE START ,C4530-40-01 Top Cover Mount
18/07/2023,08:54:16,MZK-003,CYCLE END ,C4530-40-01 Top Cover Mount
18/07/2023,09:00:21,MZK-003,CYCLE START ,C4530-40-01 Top Cover Mount
18/07/2023,09:12:00,MZK-003,CYCLE END ,C4530-40-01 Top Cover Mount
18/07/2023,09:17:02,MZK-003,CYCLE START ,C4530-40-01 Top Cover Mount
18/07/2023,09:28:44,MZK-003,CYCLE END ,C4530-40-01 Top Cover Mount
18/07/2023,10:18:15,MZK-003,CYCLE START ,C4530-40-01 Top Cover Mount
18/07/2023,10:29:52,MZK-003,CYCLE END ,C4530-40-01 Top Cover Mount
18/07/2023,10:35:09,MZK-003,CYCLE START ,C4530-40-01 Top Cover Mount
18/07/2023,10:46:45,MZK-003,CYCLE END ,C4530-40-01 Top Cover Mount
18/07/2023,10:52:25,MZK-003,CYCLE START ,C4530-40-01 Top Cover Mount
18/07/2023,11:04:06,MZK-003,CYCLE END ,C4530-40-01 Top Cover Mount
18/07/2023,11:10:30,MZK-003,CYCLE START ,C4530-40-01 Top Cover Mount
18/07/2023,11:22:10,MZK-003,CYCLE END ,C4530-40-01 Top Cover Mount
18/07/2023,11:27:51,MZK-003,CYCLE START ,C4530-40-01 Top Cover Mount
18/07/2023,11:39:28,MZK-003,CYCLE END ,C4530-40-01 Top Cover Mount
18/07/2023,11:46:13,MZK-003,CYCLE START ,C4530-40-01 Top Cover Mount
18/07/2023,11:57:50,MZK-003,CYCLE END ,C4530-40-01 Top Cover Mount
18/07/2023,12:04:49,MZK-003,CYCLE START ,C4530-40-01 Top Cover Mount
18/07/2023,12:16:29,MZK-003,CYCLE END ,C4530-40-01 Top Cover Mount
18/07/2023,13:06:23,MZK-003,CYCLE START ,C4530-40-01 Top Cover Mount
18/07/2023,13:18:04,MZK-003,CYCLE END ,C4530-40-01 Top Cover Mount
18/07/2023,13:26:02,MZK-003,CYCLE START ,C4530-40-01 Top Cover Mount
18/07/2023,13:37:39,MZK-003,CYCLE END ,C4530-40-01 Top Cover Mount
18/07/2023,13:47:30,MZK-003,CYCLE START ,C4530-40-01 Top Cover Mount
18/07/2023,13:59:06,MZK-003,CYCLE END ,C4530-40-01 Top Cover Mount
18/07/2023,14:04:37,MZK-003,CYCLE START ,C4530-40-01 Top Cover Mount
18/07/2023,14:16:16,MZK-003,CYCLE END ,C4530-40-01 Top Cover Mount
18/07/2023,14:21:05,MZK-003,CYCLE START ,C4530-40-01 Top Cover Mount
18/07/2023,14:32:44,MZK-003,CYCLE END ,C4530-40-01 Top Cover Mount
18/07/2023,14:58:07,MZK-003,CYCLE START ,C4530-40-01 Top Cover Mount
18/07/2023,15:09:44,MZK-003,CYCLE END ,C4530-40-01 Top Cover Mount
18/07/2023,15:14:16,MZK-003,CYCLE START ,C4530-40-01 Top Cover Mount
18/07/2023,15:25:53,MZK-003,CYCLE END ,C4530-40-01 Top Cover Mount
18/07/2023,15:30:30,MZK-003,CYCLE START ,C4530-40-01 Top Cover Mount
18/07/2023,15:42:10,MZK-003,CYCLE END ,C4530-40-01 Top Cover Mount
18/07/2023,15:49:52,MZK-003,CYCLE START ,C4530-40-01 Top Cover Mount
18/07/2023,16:01:33,MZK-003,CYCLE END ,C4530-40-01 Top Cover Mount
18/07/2023,16:04:51,MZK-003,CYCLE START ,C4530-40-01 Top Cover Mount
18/07/2023,16:04:59,MZK-003,CYCLE END ,C4530-40-01 Top Cover Mount
18/07/2023,06:08:22,MZK-005,CYCLE START ,C4530-03 V112 Ring
18/07/2023,06:16:54,MZK-005,CYCLE END ,C4530-03 V112 Ring
18/07/2023,06:21:05,MZK-005,CYCLE START ,C4530-03 V112 Ring
18/07/2023,06:29:34,MZK-005,CYCLE END ,C4530-03 V112 Ring
18/07/2023,06:33:18,MZK-005,CYCLE START ,C4530-03 V112 Ring
18/07/2023,06:41:50,MZK-005,CYCLE END ,C4530-03 V112 Ring
18/07/2023,06:45:19,MZK-005,CYCLE START ,C4530-03 V112 Ring
18/07/2023,06:53:48,MZK-005,CYCLE END ,C4530-03 V112 Ring
18/07/2023,06:57:16,MZK-005,CYCLE START ,C4530-03 V112 Ring
18/07/2023,07:05:48,MZK-005,CYCLE END ,C4530-03 V112 Ring
18/07/2023,07:12:33,MZK-005,CYCLE START ,C4530-03 V112 Ring
18/07/2023,07:21:03,MZK-005,CYCLE END ,C4530-03 V112 Ring
18/07/2023,07:24:15,MZK-005,CYCLE START ,C4530-03 V112 Ring
18/07/2023,07:32:46,MZK-005,CYCLE END ,C4530-03 V112 Ring
18/07/2023,07:35:43,MZK-005,CYCLE START ,C4530-03 V112 Ring
18/07/2023,07:44:13,MZK-005,CYCLE END ,C4530-03 V112 Ring
18/07/2023,07:47:16,MZK-005,CYCLE START ,C4530-03 V112 Ring
18/07/2023,07:55:48,MZK-005,CYCLE END ,C4530-03 V112 Ring
18/07/2023,08:00:04,MZK-005,CYCLE START ,C4530-03 V112 Ring
18/07/2023,08:08:34,MZK-005,CYCLE END ,C4530-03 V112 Ring
18/07/2023,11:28:35,MZK-005,CYCLE START ,C4530-03 V112 Ring
18/07/2023,11:37:07,MZK-005,CYCLE END ,C4530-03 V112 Ring
18/07/2023,11:40:41,MZK-005,CYCLE START ,C4530-03 V112 Ring
18/07/2023,11:49:11,MZK-005,CYCLE END ,C4530-03 V112 Ring
18/07/2023,11:52:01,MZK-005,CYCLE START ,C4530-03 V112 Ring
18/07/2023,12:00:32,MZK-005,CYCLE END ,C4530-03 V112 Ring
18/07/2023,12:03:01,MZK-005,CYCLE START ,C4530-03 V112 Ring
18/07/2023,12:11:30,MZK-005,CYCLE END ,C4530-03 V112 Ring
18/07/2023,12:14:13,MZK-005,CYCLE START ,C4530-03 V112 Ring
18/07/2023,12:22:45,MZK-005,CYCLE END ,C4530-03 V112 Ring
18/07/2023,12:25:24,MZK-005,CYCLE START ,C4530-03 V112 Ring
18/07/2023,12:33:54,MZK-005,CYCLE END ,C4530-03 V112 Ring
18/07/2023,13:03:44,MZK-005,CYCLE START ,C4530-03 V112 Ring
18/07/2023,13:12:16,MZK-005,CYCLE END ,C4530-03 V112 Ring
18/07/2023,13:15:32,MZK-005,CYCLE START ,C4530-03 V112 Ring
18/07/2023,13:24:02,MZK-005,CYCLE END ,C4530-03 V112 Ring
18/07/2023,13:27:13,MZK-005,CYCLE START ,C4530-03 V112 Ring
18/07/2023,13:35:44,MZK-005,CYCLE END ,C4530-03 V112 Ring
18/07/2023,13:39:39,MZK-005,CYCLE START ,C4530-03 V112 Ring
18/07/2023,13:48:09,MZK-005,CYCLE END ,C4530-03 V112 Ring
18/07/2023,13:59:04,MZK-005,CYCLE START ,C4530-03 V112 Ring
18/07/2023,14:07:35,MZK-005,CYCLE END ,C4530-03 V112 Ring
18/07/2023,14:10:19,MZK-005,CYCLE START ,C4530-03 V112 Ring
18/07/2023,14:18:48,MZK-005,CYCLE END ,C4530-03 V112 Ring
18/07/2023,14:21:10,MZK-005,CYCLE START ,C4530-03 V112 Ring
18/07/2023,14:29:41,MZK-005,CYCLE END ,C4530-03 V112 Ring
18/07/2023,14:39:10,MZK-005,CYCLE START ,C4530-03 V112 Ring
18/07/2023,14:39:47,MZK-005,CYCLE END ,C4530-03 V112 Ring
18/07/2023,14:40:15,MZK-005,CYCLE START ,C4530-03 V112 Ring
18/07/2023,14:40:20,MZK-005,CYCLE END ,C4530-03 V112 Ring
18/07/2023,14:40:34,MZK-005,CYCLE START ,C4530-03 V112 Ring
18/07/2023,14:40:34,MZK-005,CYCLE END ,C4530-03 V112 Ring
18/07/2023,14:40:39,MZK-005,CYCLE START ,C4530-03 V112 Ring
18/07/2023,14:40:57,MZK-005,CYCLE END ,C4530-03 V112 Ring
18/07/2023,14:44:25,MZK-005,CYCLE START ,C4530-03 V112 Ring
18/07/2023,14:44:25,MZK-005,CYCLE END ,C4530-03 V112 Ring
18/07/2023,15:08:29,MZK-005,CYCLE START ,C4530-03 V112 Ring
18/07/2023,15:09:03,MZK-005,CYCLE END ,C4530-03 V112 Ring
18/07/2023,15:09:28,MZK-005,CYCLE START ,C4530-03 V112 Ring
18/07/2023,15:09:28,MZK-005,CYCLE END ,C4530-03 V112 Ring
18/07/2023,15:09:34,MZK-005,CYCLE START ,C4530-03 V112 Ring
18/07/2023,15:20:49,MZK-005,CYCLE END ,C4530-03 V112 Ring
18/07/2023,15:27:25,MZK-005,CYCLE START ,C4530-03 V112 Ring
18/07/2023,15:35:07,MZK-005,CYCLE END ,C4530-03 V112 Ring
18/07/2023,15:39:54,MZK-005,CYCLE START ,C4530-03 V112 Ring
18/07/2023,15:39:58,MZK-005,CYCLE END ,C4530-03 V112 Ring
18/07/2023,06:07:26,MZK-010,CYCLE START ,C5470-853 Bearing Ring
18/07/2023,06:10:57,MZK-010,CYCLE END ,C5470-853 Bearing Ring
18/07/2023,06:12:35,MZK-010,CYCLE START ,C5470-853 Bearing Ring
18/07/2023,06:13:13,MZK-010,CYCLE END ,C5470-853 Bearing Ring
18/07/2023,06:15:18,MZK-010,CYCLE START ,C5470-853 Bearing Ring
18/07/2023,06:15:56,MZK-010,CYCLE END ,C5470-853 Bearing Ring
18/07/2023,06:17:02,MZK-010,CYCLE START ,C5470-853 Bearing Ring
18/07/2023,06:18:54,MZK-010,CYCLE END ,C5470-853 Bearing Ring
18/07/2023,06:21:38,MZK-010,CYCLE START ,C5470-853 Bearing Ring
18/07/2023,06:26:33,MZK-010,CYCLE END ,C5470-853 Bearing Ring
18/07/2023,06:29:46,MZK-010,CYCLE START ,C5470-853 Bearing Ring
18/07/2023,06:32:46,MZK-010,CYCLE END ,C5470-853 Bearing Ring
18/07/2023,06:34:16,MZK-010,CYCLE START ,C5470-853 Bearing Ring
18/07/2023,06:34:53,MZK-010,CYCLE END ,C5470-853 Bearing Ring
18/07/2023,06:35:46,MZK-010,CYCLE START ,C5470-853 Bearing Ring
18/07/2023,06:37:22,MZK-010,CYCLE END ,C5470-853 Bearing Ring
18/07/2023,06:38:39,MZK-010,CYCLE START ,C5470-853 Bearing Ring
18/07/2023,06:43:34,MZK-010,CYCLE END ,C5470-853 Bearing Ring
18/07/2023,06:44:58,MZK-010,CYCLE START ,C5470-853 Bearing Ring
18/07/2023,06:45:34,MZK-010,CYCLE END ,C5470-853 Bearing Ring
18/07/2023,06:46:57,MZK-010,CYCLE START ,C5470-853 Bearing Ring
18/07/2023,06:47:30,MZK-010,CYCLE END ,C5470-853 Bearing Ring
18/07/2023,06:47:43,MZK-010,CYCLE START ,C5470-853 Bearing Ring
18/07/2023,06:52:09,MZK-010,CYCLE END ,C5470-853 Bearing Ring
18/07/2023,06:52:59,MZK-010,CYCLE START ,C5470-853 Bearing Ring
18/07/2023,06:57:54,MZK-010,CYCLE END ,C5470-853 Bearing Ring
18/07/2023,09:35:29,MZK-010,CYCLE START ,C5470-853 Bearing Ring
18/07/2023,09:35:29,MZK-010,CYCLE END ,C5470-853 Bearing Ring
18/07/2023,09:35:30,MZK-010,CYCLE START ,C5470-853 Bearing Ring
18/07/2023,09:35:30,MZK-010,CYCLE END ,C5470-853 Bearing Ring
18/07/2023,09:35:31,MZK-010,CYCLE START ,C5470-853 Bearing Ring
18/07/2023,09:35:31,MZK-010,CYCLE END ,C5470-853 Bearing Ring
18/07/2023,09:35:32,MZK-010,CYCLE START ,C5470-853 Bearing Ring
18/07/2023,09:35:32,MZK-010,CYCLE END ,C5470-853 Bearing Ring
18/07/2023,09:35:33,MZK-010,CYCLE START ,C5470-853 Bearing Ring
18/07/2023,09:35:33,MZK-010,CYCLE END ,C5470-853 Bearing Ring
18/07/2023,09:35:34,MZK-010,CYCLE START ,C5470-853 Bearing Ring
18/07/2023,09:35:34,MZK-010,CYCLE END ,C5470-853 Bearing Ring
18/07/2023,09:35:35,MZK-010,CYCLE START ,C5470-853 Bearing Ring
18/07/2023,09:35:35,MZK-010,CYCLE END ,C5470-853 Bearing Ring
18/07/2023,09:35:36,MZK-010,CYCLE START ,C5470-853 Bearing Ring
18/07/2023,09:35:36,MZK-010,CYCLE END ,C5470-853 Bearing Ring
18/07/2023,09:35:37,MZK-010,CYCLE START ,C5470-853 Bearing Ring
18/07/2023,09:35:38,MZK-010,CYCLE END ,C5470-853 Bearing Ring
18/07/2023,09:35:39,MZK-010,CYCLE START ,C5470-853 Bearing Ring
18/07/2023,09:35:39,MZK-010,CYCLE END ,C5470-853 Bearing Ring
18/07/2023,09:35:40,MZK-010,CYCLE START ,C5470-853 Bearing Ring
18/07/2023,09:36:08,MZK-010,CYCLE END ,C5470-853 Bearing Ring
18/07/2023,09:39:59,MZK-010,CYCLE START ,C5470-853 Bearing Ring
18/07/2023,09:39:59,MZK-010,CYCLE END ,C5470-853 Bearing Ring
18/07/2023,09:40:00,MZK-010,CYCLE START ,C5470-853 Bearing Ring
18/07/2023,09:40:00,MZK-010,CYCLE END ,C5470-853 Bearing Ring
18/07/2023,09:40:01,MZK-010,CYCLE START ,C5470-853 Bearing Ring
18/07/2023,09:40:01,MZK-010,CYCLE END ,C5470-853 Bearing Ring
18/07/2023,09:40:02,MZK-010,CYCLE START ,C5470-853 Bearing Ring
18/07/2023,09:40:02,MZK-010,CYCLE END ,C5470-853 Bearing Ring
18/07/2023,09:40:03,MZK-010,CYCLE START ,C5470-853 Bearing Ring
18/07/2023,09:40:03,MZK-010,CYCLE END ,C5470-853 Bearing Ring
18/07/2023,09:40:04,MZK-010,CYCLE START ,C5470-853 Bearing Ring
18/07/2023,09:40:04,MZK-010,CYCLE END ,C5470-853 Bearing Ring
18/07/2023,09:40:05,MZK-010,CYCLE START ,C5470-853 Bearing Ring
18/07/2023,09:40:05,MZK-010,CYCLE END ,C5470-853 Bearing Ring
18/07/2023,09:40:06,MZK-010,CYCLE START ,C5470-853 Bearing Ring
18/07/2023,09:40:06,MZK-010,CYCLE END ,C5470-853 Bearing Ring
18/07/2023,09:40:07,MZK-010,CYCLE START ,C5470-853 Bearing Ring
18/07/2023,09:40:07,MZK-010,CYCLE END ,C5470-853 Bearing Ring
18/07/2023,09:40:09,MZK-010,CYCLE START ,C5470-853 Bearing Ring
18/07/2023,09:40:09,MZK-010,CYCLE END ,C5470-853 Bearing Ring
18/07/2023,09:40:10,MZK-010,CYCLE START ,C5470-853 Bearing Ring
18/07/2023,09:40:20,MZK-010,CYCLE END ,C5470-853 Bearing Ring
18/07/2023,09:40:41,MZK-010,CYCLE START ,C5470-853 Bearing Ring
18/07/2023,09:40:53,MZK-010,CYCLE END ,C5470-853 Bearing Ring
18/07/2023,09:41:53,MZK-010,CYCLE START ,C5470-853 Bearing Ring
18/07/2023,09:41:53,MZK-010,CYCLE END ,C5470-853 Bearing Ring
18/07/2023,09:41:54,MZK-010,CYCLE START ,C5470-853 Bearing Ring
18/07/2023,09:41:54,MZK-010,CYCLE END ,C5470-853 Bearing Ring
18/07/2023,09:41:55,MZK-010,CYCLE START ,C5470-853 Bearing Ring
18/07/2023,09:41:55,MZK-010,CYCLE END ,C5470-853 Bearing Ring
18/07/2023,09:41:56,MZK-010,CYCLE START ,C5470-853 Bearing Ring
18/07/2023,09:41:56,MZK-010,CYCLE END ,C5470-853 Bearing Ring
18/07/2023,09:41:57,MZK-010,CYCLE START ,C5470-853 Bearing Ring
18/07/2023,09:41:57,MZK-010,CYCLE END ,C5470-853 Bearing Ring
18/07/2023,09:41:58,MZK-010,CYCLE START ,C5470-853 Bearing Ring
18/07/2023,09:41:58,MZK-010,CYCLE END ,C5470-853 Bearing Ring
18/07/2023,09:41:59,MZK-010,CYCLE START ,C5470-853 Bearing Ring
18/07/2023,09:41:59,MZK-010,CYCLE END ,C5470-853 Bearing Ring
18/07/2023,09:42:00,MZK-010,CYCLE START ,C5470-853 Bearing Ring
18/07/2023,09:42:00,MZK-010,CYCLE END ,C5470-853 Bearing Ring
18/07/2023,09:42:01,MZK-010,CYCLE START ,C5470-853 Bearing Ring
18/07/2023,09:42:01,MZK-010,CYCLE END ,C5470-853 Bearing Ring
18/07/2023,09:42:02,MZK-010,CYCLE START ,C5470-853 Bearing Ring
18/07/2023,09:42:02,MZK-010,CYCLE END ,C5470-853 Bearing Ring
18/07/2023,09:42:03,MZK-010,CYCLE START ,C5470-853 Bearing Ring
18/07/2023,09:42:39,MZK-010,CYCLE END ,C5470-853 Bearing Ring
18/07/2023,09:43:11,MZK-010,CYCLE START ,C5470-853 Bearing Ring
18/07/2023,09:44:56,MZK-010,CYCLE END ,C5470-853 Bearing Ring
18/07/2023,09:48:02,MZK-010,CYCLE START ,C5470-853 Bearing Ring
18/07/2023,09:49:18,MZK-010,CYCLE END ,C5470-853 Bearing Ring
18/07/2023,09:50:22,MZK-010,CYCLE START ,C5470-853 Bearing Ring
18/07/2023,09:51:08,MZK-010,CYCLE END ,C5470-853 Bearing Ring
18/07/2023,10:00:28,MZK-010,CYCLE START ,C5470-853 Bearing Ring
18/07/2023,10:00:41,MZK-010,CYCLE END ,C5470-853 Bearing Ring
18/07/2023,10:00:42,MZK-010,CYCLE START ,C5470-853 Bearing Ring
18/07/2023,10:00:42,MZK-010,CYCLE END ,C5470-853 Bearing Ring
18/07/2023,10:00:43,MZK-010,CYCLE START ,C5470-853 Bearing Ring
18/07/2023,10:00:44,MZK-010,CYCLE END ,C5470-853 Bearing Ring
18/07/2023,10:00:44,MZK-010,CYCLE START ,C5470-853 Bearing Ring
18/07/2023,10:00:46,MZK-010,CYCLE END ,C5470-853 Bearing Ring
18/07/2023,10:00:49,MZK-010,CYCLE START ,C5470-853 Bearing Ring
18/07/2023,10:01:15,MZK-010,CYCLE END ,C5470-853 Bearing Ring
18/07/2023,10:01:17,MZK-010,CYCLE START ,C5470-853 Bearing Ring
18/07/2023,10:01:18,MZK-010,CYCLE END ,C5470-853 Bearing Ring
18/07/2023,10:01:18,MZK-010,CYCLE START ,C5470-853 Bearing Ring
18/07/2023,10:01:20,MZK-010,CYCLE END ,C5470-853 Bearing Ring
18/07/2023,10:01:20,MZK-010,CYCLE START ,C5470-853 Bearing Ring
18/07/2023,10:01:20,MZK-010,CYCLE END ,C5470-853 Bearing Ring
18/07/2023,10:01:21,MZK-010,CYCLE START ,C5470-853 Bearing Ring
18/07/2023,10:01:21,MZK-010,CYCLE END ,C5470-853 Bearing Ring
18/07/2023,10:01:22,MZK-010,CYCLE START ,C5470-853 Bearing Ring
18/07/2023,10:01:22,MZK-010,CYCLE END ,C5470-853 Bearing Ring
18/07/2023,10:01:23,MZK-010,CYCLE START ,C5470-853 Bearing Ring
18/07/2023,10:01:23,MZK-010,CYCLE END ,C5470-853 Bearing Ring
18/07/2023,10:01:24,MZK-010,CYCLE START ,C5470-853 Bearing Ring
18/07/2023,10:01:24,MZK-010,CYCLE END ,C5470-853 Bearing Ring
18/07/2023,10:01:25,MZK-010,CYCLE START ,C5470-853 Bearing Ring
18/07/2023,10:01:26,MZK-010,CYCLE END ,C5470-853 Bearing Ring
18/07/2023,10:01:27,MZK-010,CYCLE START ,C5470-853 Bearing Ring
18/07/2023,10:03:32,MZK-010,CYCLE END ,C5470-853 Bearing Ring
18/07/2023,10:09:53,MZK-010,CYCLE START ,C5470-853 Bearing Ring
18/07/2023,10:10:21,MZK-010,CYCLE END ,C5470-853 Bearing Ring
18/07/2023,10:11:20,MZK-010,CYCLE START ,C5470-853 Bearing Ring
18/07/2023,10:11:20,MZK-010,CYCLE END ,C5470-853 Bearing Ring
18/07/2023,10:11:21,MZK-010,CYCLE START ,C5470-853 Bearing Ring
18/07/2023,10:11:21,MZK-010,CYCLE END ,C5470-853 Bearing Ring
18/07/2023,10:11:22,MZK-010,CYCLE START ,C5470-853 Bearing Ring
18/07/2023,10:11:22,MZK-010,CYCLE END ,C5470-853 Bearing Ring
18/07/2023,10:11:23,MZK-010,CYCLE START ,C5470-853 Bearing Ring
18/07/2023,10:11:23,MZK-010,CYCLE END ,C5470-853 Bearing Ring
18/07/2023,10:11:24,MZK-010,CYCLE START ,C5470-853 Bearing Ring
18/07/2023,10:11:24,MZK-010,CYCLE END ,C5470-853 Bearing Ring
18/07/2023,10:11:25,MZK-010,CYCLE START ,C5470-853 Bearing Ring
18/07/2023,10:11:25,MZK-010,CYCLE END ,C5470-853 Bearing Ring
18/07/2023,10:11:26,MZK-010,CYCLE START ,C5470-853 Bearing Ring
18/07/2023,10:11:26,MZK-010,CYCLE END ,C5470-853 Bearing Ring
18/07/2023,10:11:27,MZK-010,CYCLE START ,C5470-853 Bearing Ring
18/07/2023,10:11:27,MZK-010,CYCLE END ,C5470-853 Bearing Ring
18/07/2023,10:11:28,MZK-010,CYCLE START ,C5470-853 Bearing Ring
18/07/2023,10:11:28,MZK-010,CYCLE END ,C5470-853 Bearing Ring
18/07/2023,10:11:29,MZK-010,CYCLE START ,C5470-853 Bearing Ring
18/07/2023,10:11:29,MZK-010,CYCLE END ,C5470-853 Bearing Ring
18/07/2023,10:11:30,MZK-010,CYCLE START ,C5470-853 Bearing Ring
18/07/2023,10:11:37,MZK-010,CYCLE END ,C5470-853 Bearing Ring
18/07/2023,10:12:35,MZK-010,CYCLE START ,C5470-853 Bearing Ring
18/07/2023,10:12:35,MZK-010,CYCLE END ,C5470-853 Bearing Ring
18/07/2023,10:12:36,MZK-010,CYCLE START ,C5470-853 Bearing Ring
18/07/2023,10:12:36,MZK-010,CYCLE END ,C5470-853 Bearing Ring
18/07/2023,10:12:37,MZK-010,CYCLE START ,C5470-853 Bearing Ring
18/07/2023,10:12:37,MZK-010,CYCLE END ,C5470-853 Bearing Ring
18/07/2023,10:12:38,MZK-010,CYCLE START ,C5470-853 Bearing Ring
18/07/2023,10:12:38,MZK-010,CYCLE END ,C5470-853 Bearing Ring
18/07/2023,10:12:39,MZK-010,CYCLE START ,C5470-853 Bearing Ring
18/07/2023,10:12:39,MZK-010,CYCLE END ,C5470-853 Bearing Ring
18/07/2023,10:12:40,MZK-010,CYCLE START ,C5470-853 Bearing Ring
18/07/2023,10:12:40,MZK-010,CYCLE END ,C5470-853 Bearing Ring
18/07/2023,10:12:41,MZK-010,CYCLE START ,C5470-853 Bearing Ring
18/07/2023,10:12:41,MZK-010,CYCLE END ,C5470-853 Bearing Ring
18/07/2023,10:12:42,MZK-010,CYCLE START ,C5470-853 Bearing Ring
18/07/2023,10:12:42,MZK-010,CYCLE END ,C5470-853 Bearing Ring
18/07/2023,10:12:43,MZK-010,CYCLE START ,C5470-853 Bearing Ring
18/07/2023,10:12:43,MZK-010,CYCLE END ,C5470-853 Bearing Ring
18/07/2023,10:12:44,MZK-010,CYCLE START ,C5470-853 Bearing Ring
18/07/2023,10:12:44,MZK-010,CYCLE END ,C5470-853 Bearing Ring
18/07/2023,10:12:45,MZK-010,CYCLE START ,C5470-853 Bearing Ring
18/07/2023,10:14:47,MZK-010,CYCLE END ,C5470-853 Bearing Ring
18/07/2023,10:15:46,MZK-010,CYCLE START ,C5470-853 Bearing Ring
18/07/2023,10:20:05,MZK-010,CYCLE END ,C5470-853 Bearing Ring
18/07/2023,10:29:42,MZK-010,CYCLE START ,C5470-853 Bearing Ring
18/07/2023,10:32:03,MZK-010,CYCLE END ,C5470-853 Bearing Ring
18/07/2023,10:33:17,MZK-010,CYCLE START ,C5470-853 Bearing Ring
18/07/2023,10:33:50,MZK-010,CYCLE END ,C5470-853 Bearing Ring
18/07/2023,10:36:03,MZK-010,CYCLE START ,C5470-853 Bearing Ring
18/07/2023,10:38:19,MZK-010,CYCLE END ,C5470-853 Bearing Ring
18/07/2023,10:39:10,MZK-010,CYCLE START ,C5470-853 Bearing Ring
18/07/2023,10:44:08,MZK-010,CYCLE END ,C5470-853 Bearing Ring
18/07/2023,10:46:58,MZK-010,CYCLE START ,C5470-853 Bearing Ring
18/07/2023,10:52:02,MZK-010,CYCLE END ,C5470-853 Bearing Ring
18/07/2023,10:52:24,MZK-010,CYCLE START ,C5470-853 Bearing Ring
18/07/2023,10:57:22,MZK-010,CYCLE END ,C5470-853 Bearing Ring
18/07/2023,10:59:55,MZK-010,CYCLE START ,C5470-853 Bearing Ring
18/07/2023,11:04:59,MZK-010,CYCLE END ,C5470-853 Bearing Ring
18/07/2023,11:05:56,MZK-010,CYCLE START ,C5470-853 Bearing Ring
18/07/2023,11:10:54,MZK-010,CYCLE END ,C5470-853 Bearing Ring
18/07/2023,11:13:38,MZK-010,CYCLE START ,C5470-853 Bearing Ring
18/07/2023,11:18:42,MZK-010,CYCLE END ,C5470-853 Bearing Ring
18/07/2023,11:19:08,MZK-010,CYCLE START ,C5470-853 Bearing Ring
18/07/2023,11:24:06,MZK-010,CYCLE END ,C5470-853 Bearing Ring
18/07/2023,11:26:17,MZK-010,CYCLE START ,C5470-853 Bearing Ring
18/07/2023,11:31:21,MZK-010,CYCLE END ,C5470-853 Bearing Ring
18/07/2023,11:32:04,MZK-010,CYCLE START ,C5470-853 Bearing Ring
18/07/2023,11:37:01,MZK-010,CYCLE END ,C5470-853 Bearing Ring
18/07/2023,11:38:52,MZK-010,CYCLE START ,C5470-853 Bearing Ring
18/07/2023,11:43:56,MZK-010,CYCLE END ,C5470-853 Bearing Ring
18/07/2023,11:48:51,MZK-010,CYCLE START ,C5470-853 Bearing Ring
18/07/2023,11:53:49,MZK-010,CYCLE END ,C5470-853 Bearing Ring
18/07/2023,12:00:11,MZK-010,CYCLE START ,C5470-853 Bearing Ring
18/07/2023,12:05:15,MZK-010,CYCLE END ,C5470-853 Bearing Ring
18/07/2023,12:06:16,MZK-010,CYCLE START ,C5470-853 Bearing Ring
18/07/2023,12:11:13,MZK-010,CYCLE END ,C5470-853 Bearing Ring
18/07/2023,12:13:24,MZK-010,CYCLE START ,C5470-853 Bearing Ring
18/07/2023,12:18:28,MZK-010,CYCLE END ,C5470-853 Bearing Ring
18/07/2023,12:20:38,MZK-010,CYCLE START ,C5470-853 Bearing Ring
18/07/2023,12:25:36,MZK-010,CYCLE END ,C5470-853 Bearing Ring
18/07/2023,13:03:31,MZK-010,CYCLE START ,C5470-853 Bearing Ring
18/07/2023,13:06:23,MZK-010,CYCLE END ,C5470-853 Bearing Ring
18/07/2023,13:07:54,MZK-010,CYCLE START ,C5470-853 Bearing Ring
18/07/2023,13:10:10,MZK-010,CYCLE END ,C5470-853 Bearing Ring
18/07/2023,13:10:35,MZK-010,CYCLE START ,C5470-853 Bearing Ring
18/07/2023,13:15:33,MZK-010,CYCLE END ,C5470-853 Bearing Ring
18/07/2023,13:20:04,MZK-010,CYCLE START ,C3888-52 SPB0 No Cable Entries
18/07/2023,13:20:04,MZK-010,CYCLE END ,C3888-52 SPB0 No Cable Entries
18/07/2023,13:20:05,MZK-010,CYCLE START ,C3888-52 SPB0 No Cable Entries
18/07/2023,13:20:05,MZK-010,CYCLE END ,C3888-52 SPB0 No Cable Entries
18/07/2023,13:20:06,MZK-010,CYCLE START ,C3888-52 SPB0 No Cable Entries
18/07/2023,13:20:06,MZK-010,CYCLE END ,C3888-52 SPB0 No Cable Entries
18/07/2023,13:20:07,MZK-010,CYCLE START ,C3888-52 SPB0 No Cable Entries
18/07/2023,13:20:07,MZK-010,CYCLE END ,C3888-52 SPB0 No Cable Entries
18/07/2023,13:20:08,MZK-010,CYCLE START ,C3888-52 SPB0 No Cable Entries
18/07/2023,13:20:08,MZK-010,CYCLE END ,C3888-52 SPB0 No Cable Entries
18/07/2023,13:20:09,MZK-010,CYCLE START ,C3888-52 SPB0 No Cable Entries
18/07/2023,13:20:09,MZK-010,CYCLE END ,C3888-52 SPB0 No Cable Entries
18/07/2023,13:20:10,MZK-010,CYCLE START ,C3888-52 SPB0 No Cable Entries
18/07/2023,13:20:10,MZK-010,CYCLE END ,C3888-52 SPB0 No Cable Entries
18/07/2023,13:20:11,MZK-010,CYCLE START ,C3888-52 SPB0 No Cable Entries
18/07/2023,13:20:11,MZK-010,CYCLE END ,C3888-52 SPB0 No Cable Entries
18/07/2023,13:20:12,MZK-010,CYCLE START ,C3888-52 SPB0 No Cable Entries
18/07/2023,13:20:12,MZK-010,CYCLE END ,C3888-52 SPB0 No Cable Entries
18/07/2023,13:20:13,MZK-010,CYCLE START ,C3888-52 SPB0 No Cable Entries
18/07/2023,13:20:13,MZK-010,CYCLE END ,C3888-52 SPB0 No Cable Entries
18/07/2023,13:20:16,MZK-010,CYCLE START ,C3888-52 SPB0 No Cable Entries
18/07/2023,13:20:26,MZK-010,CYCLE END ,C3888-52 SPB0 No Cable Entries
18/07/2023,13:21:23,MZK-010,CYCLE START ,C3888-52 SPB0 No Cable Entries
18/07/2023,13:21:23,MZK-010,CYCLE END ,C3888-52 SPB0 No Cable Entries
18/07/2023,13:21:24,MZK-010,CYCLE START ,C3888-52 SPB0 No Cable Entries
18/07/2023,13:21:24,MZK-010,CYCLE END ,C3888-52 SPB0 No Cable Entries
18/07/2023,13:21:25,MZK-010,CYCLE START ,C3888-52 SPB0 No Cable Entries
18/07/2023,13:21:25,MZK-010,CYCLE END ,C3888-52 SPB0 No Cable Entries
18/07/2023,13:21:26,MZK-010,CYCLE START ,C3888-52 SPB0 No Cable Entries
18/07/2023,13:21:26,MZK-010,CYCLE END ,C3888-52 SPB0 No Cable Entries
18/07/2023,13:21:27,MZK-010,CYCLE START ,C3888-52 SPB0 No Cable Entries
18/07/2023,13:21:27,MZK-010,CYCLE END ,C3888-52 SPB0 No Cable Entries
18/07/2023,13:21:28,MZK-010,CYCLE START ,C3888-52 SPB0 No Cable Entries
18/07/2023,13:21:28,MZK-010,CYCLE END ,C3888-52 SPB0 No Cable Entries
18/07/2023,13:21:29,MZK-010,CYCLE START ,C3888-52 SPB0 No Cable Entries
18/07/2023,13:21:30,MZK-010,CYCLE END ,C3888-52 SPB0 No Cable Entries
18/07/2023,13:21:30,MZK-010,CYCLE START ,C3888-52 SPB0 No Cable Entries
18/07/2023,13:21:31,MZK-010,CYCLE END ,C3888-52 SPB0 No Cable Entries
18/07/2023,13:21:31,MZK-010,CYCLE START ,C3888-52 SPB0 No Cable Entries
18/07/2023,13:21:31,MZK-010,CYCLE END ,C3888-52 SPB0 No Cable Entries
18/07/2023,13:21:32,MZK-010,CYCLE START ,C3888-52 SPB0 No Cable Entries
18/07/2023,13:21:32,MZK-010,CYCLE END ,C3888-52 SPB0 No Cable Entries
18/07/2023,13:21:33,MZK-010,CYCLE START ,C3888-52 SPB0 No Cable Entries
18/07/2023,13:21:50,MZK-010,CYCLE END ,C3888-52 SPB0 No Cable Entries
18/07/2023,13:22:38,MZK-010,CYCLE START ,C3888-52 SPB0 No Cable Entries
18/07/2023,13:22:38,MZK-010,CYCLE END ,C3888-52 SPB0 No Cable Entries
18/07/2023,13:22:39,MZK-010,CYCLE START ,C3888-52 SPB0 No Cable Entries
18/07/2023,13:22:39,MZK-010,CYCLE END ,C3888-52 SPB0 No Cable Entries
18/07/2023,13:22:40,MZK-010,CYCLE START ,C3888-52 SPB0 No Cable Entries
18/07/2023,13:22:40,MZK-010,CYCLE END ,C3888-52 SPB0 No Cable Entries
18/07/2023,13:22:41,MZK-010,CYCLE START ,C3888-52 SPB0 No Cable Entries
18/07/2023,13:22:41,MZK-010,CYCLE END ,C3888-52 SPB0 No Cable Entries
18/07/2023,13:22:42,MZK-010,CYCLE START ,C3888-52 SPB0 No Cable Entries
18/07/2023,13:22:42,MZK-010,CYCLE END ,C3888-52 SPB0 No Cable Entries
18/07/2023,13:22:43,MZK-010,CYCLE START ,C3888-52 SPB0 No Cable Entries
18/07/2023,13:22:43,MZK-010,CYCLE END ,C3888-52 SPB0 No Cable Entries
18/07/2023,13:22:44,MZK-010,CYCLE START ,C3888-52 SPB0 No Cable Entries
18/07/2023,13:22:44,MZK-010,CYCLE END ,C3888-52 SPB0 No Cable Entries
18/07/2023,13:22:45,MZK-010,CYCLE START ,C3888-52 SPB0 No Cable Entries
18/07/2023,13:22:45,MZK-010,CYCLE END ,C3888-52 SPB0 No Cable Entries
18/07/2023,13:22:46,MZK-010,CYCLE START ,C3888-52 SPB0 No Cable Entries
18/07/2023,13:22:46,MZK-010,CYCLE END ,C3888-52 SPB0 No Cable Entries
18/07/2023,13:22:47,MZK-010,CYCLE START ,C3888-52 SPB0 No Cable Entries
18/07/2023,13:22:47,MZK-010,CYCLE END ,C3888-52 SPB0 No Cable Entries
18/07/2023,13:22:48,MZK-010,CYCLE START ,C3888-52 SPB0 No Cable Entries
18/07/2023,13:23:03,MZK-010,CYCLE END ,C3888-52 SPB0 No Cable Entries
18/07/2023,13:23:52,MZK-010,CYCLE START ,C3888-52 SPB0 No Cable Entries
18/07/2023,13:23:52,MZK-010,CYCLE END ,C3888-52 SPB0 No Cable Entries
18/07/2023,13:23:53,MZK-010,CYCLE START ,C3888-52 SPB0 No Cable Entries
18/07/2023,13:23:53,MZK-010,CYCLE END ,C3888-52 SPB0 No Cable Entries
18/07/2023,13:23:54,MZK-010,CYCLE START ,C3888-52 SPB0 No Cable Entries
18/07/2023,13:23:55,MZK-010,CYCLE END ,C3888-52 SPB0 No Cable Entries
18/07/2023,13:23:55,MZK-010,CYCLE START ,C3888-52 SPB0 No Cable Entries
18/07/2023,13:23:56,MZK-010,CYCLE END ,C3888-52 SPB0 No Cable Entries
18/07/2023,13:23:57,MZK-010,CYCLE START ,C3888-52 SPB0 No Cable Entries
18/07/2023,13:23:57,MZK-010,CYCLE END ,C3888-52 SPB0 No Cable Entries
18/07/2023,13:23:58,MZK-010,CYCLE START ,C3888-52 SPB0 No Cable Entries
18/07/2023,13:23:58,MZK-010,CYCLE END ,C3888-52 SPB0 No Cable Entries
18/07/2023,13:23:59,MZK-010,CYCLE START ,C3888-52 SPB0 No Cable Entries
18/07/2023,13:23:59,MZK-010,CYCLE END ,C3888-52 SPB0 No Cable Entries
18/07/2023,13:24:00,MZK-010,CYCLE START ,C3888-52 SPB0 No Cable Entries
18/07/2023,13:24:00,MZK-010,CYCLE END ,C3888-52 SPB0 No Cable Entries
18/07/2023,13:24:01,MZK-010,CYCLE START ,C3888-52 SPB0 No Cable Entries
18/07/2023,13:24:01,MZK-010,CYCLE END ,C3888-52 SPB0 No Cable Entries
18/07/2023,13:24:02,MZK-010,CYCLE START ,C3888-52 SPB0 No Cable Entries
18/07/2023,13:24:02,MZK-010,CYCLE END ,C3888-52 SPB0 No Cable Entries
18/07/2023,13:24:03,MZK-010,CYCLE START ,C3888-52 SPB0 No Cable Entries
18/07/2023,13:29:22,MZK-010,CYCLE END ,C3888-52 SPB0 No Cable Entries
18/07/2023,15:01:26,MZK-010,CYCLE START ,C3888-52 SPB0 No Cable Entries
18/07/2023,15:01:26,MZK-010,CYCLE END ,C3888-52 SPB0 No Cable Entries
18/07/2023,15:01:27,MZK-010,CYCLE START ,C3888-52 SPB0 No Cable Entries
18/07/2023,15:01:27,MZK-010,CYCLE END ,C3888-52 SPB0 No Cable Entries
18/07/2023,15:01:28,MZK-010,CYCLE START ,C3888-52 SPB0 No Cable Entries
18/07/2023,15:01:28,MZK-010,CYCLE END ,C3888-52 SPB0 No Cable Entries
18/07/2023,15:01:29,MZK-010,CYCLE START ,C3888-52 SPB0 No Cable Entries
18/07/2023,15:01:29,MZK-010,CYCLE END ,C3888-52 SPB0 No Cable Entries
18/07/2023,15:01:32,MZK-010,CYCLE START ,C3888-52 SPB0 No Cable Entries
18/07/2023,15:01:32,MZK-010,CYCLE END ,C3888-52 SPB0 No Cable Entries
18/07/2023,15:01:33,MZK-010,CYCLE START ,C3888-52 SPB0 No Cable Entries
18/07/2023,15:01:33,MZK-010,CYCLE END ,C3888-52 SPB0 No Cable Entries
18/07/2023,15:01:34,MZK-010,CYCLE START ,C3888-52 SPB0 No Cable Entries
18/07/2023,15:01:34,MZK-010,CYCLE END ,C3888-52 SPB0 No Cable Entries
18/07/2023,15:01:35,MZK-010,CYCLE START ,C3888-52 SPB0 No Cable Entries
18/07/2023,15:01:35,MZK-010,CYCLE END ,C3888-52 SPB0 No Cable Entries
18/07/2023,15:01:36,MZK-010,CYCLE START ,C3888-52 SPB0 No Cable Entries
18/07/2023,15:01:36,MZK-010,CYCLE END ,C3888-52 SPB0 No Cable Entries
18/07/2023,15:01:37,MZK-010,CYCLE START ,C3888-52 SPB0 No Cable Entries
18/07/2023,15:01:39,MZK-010,CYCLE END ,C3888-52 SPB0 No Cable Entries
18/07/2023,15:01:52,MZK-010,CYCLE START ,C3888-52 SPB0 No Cable Entries
18/07/2023,15:03:46,MZK-010,CYCLE END ,C3888-52 SPB0 No Cable Entries
18/07/2023,15:05:43,MZK-010,CYCLE START ,C3888-52 SPB0 No Cable Entries
18/07/2023,15:07:18,MZK-010,CYCLE END ,C3888-52 SPB0 No Cable Entries
18/07/2023,15:07:47,MZK-010,CYCLE START ,C3888-52 SPB0 No Cable Entries
18/07/2023,15:14:05,MZK-010,CYCLE END ,C3888-52 SPB0 No Cable Entries
18/07/2023,15:15:55,MZK-010,CYCLE START ,C3888-52 SPB0 No Cable Entries
18/07/2023,15:16:23,MZK-010,CYCLE END ,C3888-52 SPB0 No Cable Entries
18/07/2023,15:17:40,MZK-010,CYCLE START ,C3888-52 SPB0 No Cable Entries
18/07/2023,15:18:49,MZK-010,CYCLE END ,C3888-52 SPB0 No Cable Entries
18/07/2023,15:20:23,MZK-010,CYCLE START ,C3888-52 SPB0 No Cable Entries
18/07/2023,15:21:27,MZK-010,CYCLE END ,C3888-52 SPB0 No Cable Entries
18/07/2023,15:27:22,MZK-010,CYCLE START ,C3888-52 SPB0 No Cable Entries
18/07/2023,15:27:22,MZK-010,CYCLE END ,C3888-52 SPB0 No Cable Entries
18/07/2023,15:27:23,MZK-010,CYCLE START ,C3888-52 SPB0 No Cable Entries
18/07/2023,15:27:23,MZK-010,CYCLE END ,C3888-52 SPB0 No Cable Entries
18/07/2023,15:27:24,MZK-010,CYCLE START ,C3888-52 SPB0 No Cable Entries
18/07/2023,15:27:24,MZK-010,CYCLE END ,C3888-52 SPB0 No Cable Entries
18/07/2023,15:27:25,MZK-010,CYCLE START ,C3888-52 SPB0 No Cable Entries
18/07/2023,15:27:25,MZK-010,CYCLE END ,C3888-52 SPB0 No Cable Entries
18/07/2023,15:27:26,MZK-010,CYCLE START ,C3888-52 SPB0 No Cable Entries
18/07/2023,15:27:26,MZK-010,CYCLE END ,C3888-52 SPB0 No Cable Entries
18/07/2023,15:27:27,MZK-010,CYCLE START ,C3888-52 SPB0 No Cable Entries
18/07/2023,15:27:27,MZK-010,CYCLE END ,C3888-52 SPB0 No Cable Entries
18/07/2023,15:27:28,MZK-010,CYCLE START ,C3888-52 SPB0 No Cable Entries
18/07/2023,15:27:28,MZK-010,CYCLE END ,C3888-52 SPB0 No Cable Entries
18/07/2023,15:27:29,MZK-010,CYCLE START ,C3888-52 SPB0 No Cable Entries
18/07/2023,15:27:29,MZK-010,CYCLE END ,C3888-52 SPB0 No Cable Entries
18/07/2023,15:27:30,MZK-010,CYCLE START ,C3888-52 SPB0 No Cable Entries
18/07/2023,15:27:30,MZK-010,CYCLE END ,C3888-52 SPB0 No Cable Entries
18/07/2023,15:27:34,MZK-010,CYCLE START ,C3888-52 SPB0 No Cable Entries
18/07/2023,15:27:34,MZK-010,CYCLE END ,C3888-52 SPB0 No Cable Entries
18/07/2023,15:27:35,MZK-010,CYCLE START ,C3888-52 SPB0 No Cable Entries
18/07/2023,15:28:03,MZK-010,CYCLE END ,C3888-52 SPB0 No Cable Entries
18/07/2023,15:28:18,MZK-010,CYCLE START ,C3888-52 SPB0 No Cable Entries
18/07/2023,15:28:18,MZK-010,CYCLE END ,C3888-52 SPB0 No Cable Entries
18/07/2023,15:28:19,MZK-010,CYCLE START ,C3888-52 SPB0 No Cable Entries
18/07/2023,15:28:19,MZK-010,CYCLE END ,C3888-52 SPB0 No Cable Entries
18/07/2023,15:28:20,MZK-010,CYCLE START ,C3888-52 SPB0 No Cable Entries
18/07/2023,15:28:20,MZK-010,CYCLE END ,C3888-52 SPB0 No Cable Entries
18/07/2023,15:28:21,MZK-010,CYCLE START ,C3888-52 SPB0 No Cable Entries
18/07/2023,15:28:21,MZK-010,CYCLE END ,C3888-52 SPB0 No Cable Entries
18/07/2023,15:28:22,MZK-010,CYCLE START ,C3888-52 SPB0 No Cable Entries
18/07/2023,15:28:22,MZK-010,CYCLE END ,C3888-52 SPB0 No Cable Entries
18/07/2023,15:28:23,MZK-010,CYCLE START ,C3888-52 SPB0 No Cable Entries
18/07/2023,15:28:23,MZK-010,CYCLE END ,C3888-52 SPB0 No Cable Entries
18/07/2023,15:28:24,MZK-010,CYCLE START ,C3888-52 SPB0 No Cable Entries
18/07/2023,15:28:24,MZK-010,CYCLE END ,C3888-52 SPB0 No Cable Entries
18/07/2023,15:28:25,MZK-010,CYCLE START ,C3888-52 SPB0 No Cable Entries
18/07/2023,15:28:25,MZK-010,CYCLE END ,C3888-52 SPB0 No Cable Entries
18/07/2023,15:28:26,MZK-010,CYCLE START ,C3888-52 SPB0 No Cable Entries
18/07/2023,15:28:26,MZK-010,CYCLE END ,C3888-52 SPB0 No Cable Entries
18/07/2023,15:28:27,MZK-010,CYCLE START ,C3888-52 SPB0 No Cable Entries
18/07/2023,15:28:27,MZK-010,CYCLE END ,C3888-52 SPB0 No Cable Entries
18/07/2023,15:28:28,MZK-010,CYCLE START ,C3888-52 SPB0 No Cable Entries
18/07/2023,15:28:58,MZK-010,CYCLE END ,C3888-52 SPB0 No Cable Entries
18/07/2023,15:29:32,MZK-010,CYCLE START ,C3888-52 SPB0 No Cable Entries
18/07/2023,15:30:20,MZK-010,CYCLE END ,C3888-52 SPB0 No Cable Entries
18/07/2023,15:30:50,MZK-010,CYCLE START ,C3888-52 SPB0 No Cable Entries
18/07/2023,15:30:50,MZK-010,CYCLE END ,C3888-52 SPB0 No Cable Entries
18/07/2023,15:30:51,MZK-010,CYCLE START ,C3888-52 SPB0 No Cable Entries
18/07/2023,15:30:51,MZK-010,CYCLE END ,C3888-52 SPB0 No Cable Entries
18/07/2023,15:30:52,MZK-010,CYCLE START ,C3888-52 SPB0 No Cable Entries
18/07/2023,15:30:53,MZK-010,CYCLE END ,C3888-52 SPB0 No Cable Entries
18/07/2023,15:30:53,MZK-010,CYCLE START ,C3888-52 SPB0 No Cable Entries
18/07/2023,15:30:54,MZK-010,CYCLE END ,C3888-52 SPB0 No Cable Entries
18/07/2023,15:30:54,MZK-010,CYCLE START ,C3888-52 SPB0 No Cable Entries
18/07/2023,15:30:54,MZK-010,CYCLE END ,C3888-52 SPB0 No Cable Entries
18/07/2023,15:30:55,MZK-010,CYCLE START ,C3888-52 SPB0 No Cable Entries
18/07/2023,15:30:56,MZK-010,CYCLE END ,C3888-52 SPB0 No Cable Entries
18/07/2023,15:30:56,MZK-010,CYCLE START ,C3888-52 SPB0 No Cable Entries
18/07/2023,15:30:56,MZK-010,CYCLE END ,C3888-52 SPB0 No Cable Entries
18/07/2023,15:30:58,MZK-010,CYCLE START ,C3888-52 SPB0 No Cable Entries
18/07/2023,15:30:58,MZK-010,CYCLE END ,C3888-52 SPB0 No Cable Entries
18/07/2023,15:30:59,MZK-010,CYCLE START ,C3888-52 SPB0 No Cable Entries
18/07/2023,15:30:59,MZK-010,CYCLE END ,C3888-52 SPB0 No Cable Entries
18/07/2023,15:31:00,MZK-010,CYCLE START ,C3888-52 SPB0 No Cable Entries
18/07/2023,15:31:00,MZK-010,CYCLE END ,C3888-52 SPB0 No Cable Entries
18/07/2023,15:31:01,MZK-010,CYCLE START ,C3888-52 SPB0 No Cable Entries
18/07/2023,15:31:01,MZK-010,CYCLE END ,C3888-52 SPB0 No Cable Entries
18/07/2023,15:31:02,MZK-010,CYCLE START ,C3888-52 SPB0 No Cable Entries
18/07/2023,15:31:03,MZK-010,CYCLE END ,C3888-52 SPB0 No Cable Entries
18/07/2023,15:31:05,MZK-010,CYCLE START ,C3888-52 SPB0 No Cable Entries
18/07/2023,15:31:46,MZK-010,CYCLE END ,C3888-52 SPB0 No Cable Entries
18/07/2023,15:33:05,MZK-010,CYCLE START ,C3888-52 SPB0 No Cable Entries
18/07/2023,15:33:05,MZK-010,CYCLE END ,C3888-52 SPB0 No Cable Entries
18/07/2023,15:33:06,MZK-010,CYCLE START ,C3888-52 SPB0 No Cable Entries
18/07/2023,15:33:06,MZK-010,CYCLE END ,C3888-52 SPB0 No Cable Entries
18/07/2023,15:33:07,MZK-010,CYCLE START ,C3888-52 SPB0 No Cable Entries
18/07/2023,15:33:07,MZK-010,CYCLE END ,C3888-52 SPB0 No Cable Entries
18/07/2023,15:33:08,MZK-010,CYCLE START ,C3888-52 SPB0 No Cable Entries
18/07/2023,15:33:08,MZK-010,CYCLE END ,C3888-52 SPB0 No Cable Entries
18/07/2023,15:33:09,MZK-010,CYCLE START ,C3888-52 SPB0 No Cable Entries
18/07/2023,15:33:09,MZK-010,CYCLE END ,C3888-52 SPB0 No Cable Entries
18/07/2023,15:33:10,MZK-010,CYCLE START ,C3888-52 SPB0 No Cable Entries
18/07/2023,15:33:10,MZK-010,CYCLE END ,C3888-52 SPB0 No Cable Entries
18/07/2023,15:33:11,MZK-010,CYCLE START ,C3888-52 SPB0 No Cable Entries
18/07/2023,15:33:11,MZK-010,CYCLE END ,C3888-52 SPB0 No Cable Entries
18/07/2023,15:33:12,MZK-010,CYCLE START ,C3888-52 SPB0 No Cable Entries
18/07/2023,15:33:12,MZK-010,CYCLE END ,C3888-52 SPB0 No Cable Entries
18/07/2023,15:33:13,MZK-010,CYCLE START ,C3888-52 SPB0 No Cable Entries
18/07/2023,15:33:13,MZK-010,CYCLE END ,C3888-52 SPB0 No Cable Entries
18/07/2023,15:33:14,MZK-010,CYCLE START ,C3888-52 SPB0 No Cable Entries
18/07/2023,15:33:16,MZK-010,CYCLE END ,C3888-52 SPB0 No Cable Entries
18/07/2023,15:33:17,MZK-010,CYCLE START ,C3888-52 SPB0 No Cable Entries
18/07/2023,15:33:19,MZK-010,CYCLE END ,C3888-52 SPB0 No Cable Entries
18/07/2023,15:33:20,MZK-010,CYCLE START ,C3888-52 SPB0 No Cable Entries
18/07/2023,15:37:28,MZK-010,CYCLE END ,C3888-52 SPB0 No Cable Entries
